종목코드,회사명
060310,3S
079940,가비아
078890,가온미디어
000500,가온전선
192410,감마누
024840,갑을메탈
000860,강남제비스코
217730,강스템바이오텍
035250,강원랜드
011420,갤럭시아에스엠
094480,갤럭시아컴즈
063080,게임빌
039240,경남스틸
053950,경남제약
002100,경농
012320,경동가스
009450,경동나비엔
011040,경동제약
000050,경방
214390,경보제약
139050,경봉
012610,경인양행
009140,경인전자
024910,경창산업
013580,계룡건설
012200,계양전기
012205,계양전기우
004200,고려개발
089890,#고려반도체
002140,고려산업
049720,고려신용정보
010130,고려아연
002240,고려제강
014570,고려제약
009810,고려포리머
098460,고영
206660,골든브릿지제2호스
219580,골든브릿지제3호스
227950,골든브릿지제4호스
001290,골든브릿지증권
123900,골든블루
900280,골든센츄리
215000,골프존
121440,골프존유원홀딩스
009290,광동제약
014200,광림
017040,광명전기
017900,광전자
037710,광주신세계
192530,광주은행
026910,광진실업
090150,광진윈텍
140910,광희리츠
223040,교보5호스팩
242040,교보비엔케이스팩
030610,교보증권
201150,교육혁명
053270,구영테크
007690,국도화학
005320,국동
001140,국보
066620,국보디자인
043650,국순당
006050,국영지앤엠
060480,국일신동
078130,국일제지
002720,국제약품
019010,그랜드백화점
000980,극동건설
014530,극동유화
900070,글로벌에스엠
019660,글로본
014280,금강공업
014285,금강공업우
053260,금강철강
008870,금비
072930,금산
058370,#금성테크
001570,금양
002990,금호산업
002995,금호산업우
011780,금호석유
011785,금호석유우
214330,금호에이치티
130500,금호엔티
001210,금호전기
073240,금호타이어
036190,금화피에스시
049080,기가레인
035460,기산텔레콤
092440,기신정기
000270,기아차
024110,기업은행
013700,까뮤이앤씨
004540,깨끗한나라
004545,깨끗한나라우
237010,끄렘드라끄렘
187790,나노
151910,#나노스
121600,나노신소재
039860,나노엔텍
091970,나노캠텍
051490,나라엠앤디
007460,나라케이아이씨
190510,나무가
089600,나스미디어
138610,나이벡
130580,나이스디앤비
036800,나이스정보통신
001260,남광토건
008350,남선알미늄
008355,남선알미우
004270,남성
003920,남양유업
003925,남양유업우
002070,남영비비안
025860,남해화학
091590,남화토건
079180,내일신문
168330,내츄럴엔도텍
072770,네오디안테크놀로지
212560,네오오토
095660,네오위즈게임즈
042420,네오위즈홀딩스
085910,네오티스
092730,네오팜
101400,네오피델리티
170120,네오홀딩스
153460,네이블
007390,네이처셀
033640,네패스
087730,네패스신소재
005720,넥센
005725,넥센우
002350,넥센타이어
002355,넥센타이어1우B
073070,넥센테크
110570,#넥솔론
089140,넥스턴
065170,넥스트BT
139670,넥스트리밍
051980,넥스트바이오홀딩스
137940,넥스트아이
092600,넥스트칩
041140,넥슨지티
047730,넷웨이브
043990,넷피아
090350,노루페인트
090355,노루페인트우
000320,노루홀딩스
000327,노루홀딩스2우B
000325,노루홀딩스우
006280,녹십자
144510,녹십자랩셀
031390,녹십자셀
142280,녹십자엠에스
005250,녹십자홀딩스
005255,녹십자홀딩스1우
005257,녹십자홀딩스2우
004370,농심
072710,농심홀딩스
054050,농우바이오
040160,누리텔레콤
069140,누리플랜
126870,뉴로스
060260,뉴보텍
012340,뉴인텍
222040,뉴트리바이오텍
900100,뉴프라이드
085670,뉴프렉스
053290,능률교육
222810,닉스테크
119860,다나와
064260,다날
093640,다믈멀티미디어
015150,다산
039560,다산네트웍스
023590,다우기술
032190,다우데이타
020120,다우인큐브
068240,다원시스
015590,대경기계
019680,대교
019685,대교우B
006370,대구백화점
004130,대덕GDS
004135,대덕GDS우
008060,대덕전자
000490,대동공업
020400,대동금속
008830,대동기어
048470,대동스틸
008110,대동전자
004780,대륙제관
005750,대림B&Co
000210,대림산업
000215,대림산업우
004440,대림씨엔에스
017650,대림제지
006570,대림통상
007720,대명코퍼레이션
026970,대백저축은행
078140,대봉엘에스
001680,대상
001689,대상3우B
001685,대상우
084690,대상홀딩스
084695,대상홀딩스우
036480,대성미생물
128820,대성산업
117580,대성에너지
025440,대성엘텍
027830,대성창투
104040,대성파인텍
005620,대성합동지주
016710,대성홀딩스
217270,대신밸런스제1호스
232140,대신밸런스제2호스
020180,대신정보통신
003540,대신증권
003547,대신증권2우B
003545,대신증권우
045390,대아티아이
009190,대양금속
108380,대양전기공업
006580,대양제지
014160,대영포장
215480,대우SBI스팩1호
047040,대우건설
009320,대우부품
140320,대우산업개발
204440,대우스팩2호
215580,대우스팩3호
042660,대우조선해양
003090,대웅
069620,대웅제약
000430,대원강업
048910,대원미디어
005710,대원산업
006340,대원전선
006345,대원전선우
003220,대원제약
024890,대원화성
002880,대유에이텍
071460,대유위니아
000300,대유플러스
120240,대정화금
003310,대주산업
078600,대주전자재료
008340,대주코레스
065690,대진디엠피
012800,대창
015230,대창단조
096350,대창솔루션
140520,대창스틸
131220,대한과학
010170,대한광통신
054670,대한뉴팜
041500,대한바이오
001070,대한방직
023910,대한약품
006650,대한유화
001440,대한전선
084010,대한제강
001790,대한제당
001799,대한제당3우B
001795,대한제당우
001130,대한제분
003490,대한항공
003495,대한항공우
005880,대한해운
003830,대한화섬
016090,대현
069460,대호에이엘
021040,대호피앤씨
021045,대호피앤씨우
067080,대화제약
192080,더블유게임즈
072700,더존다스
012510,더존비즈온
213420,덕산네오룩스
077360,덕산하이메탈
004830,덕성
004835,덕성우
090410,덕신하우징
024900,덕양산업
194480,데브시스터즈
017680,데코앤이
206560,덱스터
008000,도레이케미칼
067990,도이치모터스
002150,도화엔지니어링
100130,동국S&C
005160,동국산업
001620,동국실업
075970,동국알앤에스
001230,동국제강
086450,동국제약
023450,동남합성
004140,동방
099410,동방선기
007590,동방아그로
012030,동부
005960,#동부건설
005965,#동부건설우
045890,동부라이텍
101910,동부메탈
226440,동부스팩3호
230490,동부제4호스팩
016380,#동부제철
016385,#동부제철우
016610,동부증권
000990,동부하이텍
000995,동부하이텍1우
005830,동부화재
083350,동북아10호
083360,동북아11호
083370,동북아12호
083380,동북아13호
083390,동북아14호
026960,동서
002210,동성제약
102260,동성코퍼레이션
033500,동성화인텍
005190,동성화학
025950,동신건설
012760,동아
000640,동아쏘시오홀딩스
058730,동아에스텍
170900,동아에스티
088130,동아엘텍
028100,동아지질
007340,동아타이어
041930,동아화성
001520,동양
001527,동양2우B
001529,동양3우B
005900,동양건설산업
084670,동양고속
030790,동양네트웍스
002900,동양물산
082640,동양생명
038500,동양시멘트
060380,동양에스텍
001525,동양우
079960,동양이엔피
008970,동양철관
228340,동양파일
104460,동양피엔에프
088910,동우
094170,동운아나텍
003580,동원
049770,동원F&B
013120,동원개발
018500,동원금속
006040,동원산업
030720,동원수산
014820,동원시스템즈
014825,동원시스템즈우
163560,동일고무벨트
109860,동일금속
032960,동일기연
001530,동일방직
004890,동일산업
002690,동일제강
023790,#동일철강
026710,동진건설
005290,동진쎄미켐
025900,동화기업
000020,동화약품
184560,동화엠파크홀
000150,두산
000157,두산2우B
011160,두산건설
082740,두산엔진
000155,두산우
042670,두산인프라코어
034020,두산중공업
016740,두올
078590,두올산업
013900,두원중공업
030350,드래곤플라이
035430,드림라인
043500,드림텍
046400,디브이에스코리아
073190,디비케이
066670,디스플레이텍
024090,디씨엠
003160,디아이
092200,디아이씨
109740,디에스케이
090710,디에스티로봇
131030,디에이치피코리아
196490,디에이테크놀로지
066900,디에이피
127120,디엔에이링크
092070,디엔에프
101000,디엠씨
134580,디엠티
039840,디오
013570,디와이
210540,디와이파워
079810,디이엔티
113810,디젠스
043360,디지아이
106520,디지탈옵틱
068930,디지털대성
033130,디지틀조선
033310,디케이디앤아이
105740,디케이락
187220,디티앤씨
026890,디피씨
131180,딜리
042510,라온시큐어
050120,라이브플렉스
171120,라이온켐텍
115390,락앤락
171010,램테크놀러지
084650,랩지노믹스
141080,레고켐바이오
060300,레드로버
038390,레드캡투어
228850,레이언스
047440,레이젠
090360,로보스타
900260,로스웰
016170,로엔
067730,로지시스
071280,로체시스템즈
109960,로코조이
032350,롯데관광개발
000400,롯데손해보험
023530,롯데쇼핑
004000,롯데정밀화학
004990,롯데제과
005300,롯데칠성
005305,롯데칠성우
011170,롯데케미칼
002270,롯데푸드
071840,롯데하이마트
038060,루멘스
082800,루미마이크로
085370,루트로닉
060240,룽투코리아
042940,르네코
058470,리노공업
039980,리노스
016100,리더스코스메틱
197210,리드
012700,리드코프
038340,#리젠
131100,리켐
042500,링네트
027740,마니커
137930,마이다스 커버드콜
050480,마이다스IT
098120,마이크로컨텍솔
159800,마이티 K100
211210,마이티 코스피고배당
035480,마제스타
038290,마크로젠
204320,만도
001080,만호제강
078060,매일방송
005990,매일유업
127160,매직마이크로
093520,매커스
141070,맥스로텍
088980,맥쿼리인프라
094800,맵스리얼티1
067280,멀티캠퍼스
072870,메가스터디
215200,메가스터디교육
133750,메가엠디
041920,메디아나
086900,메디톡스
078160,메디포스트
065650,메디프론
138040,메리츠금융지주
008560,메리츠종금증권
000060,메리츠화재
021880,메이슨캐피탈
140410,메지온
059210,메타바이오메드
058110,멕아이씨에스
096640,멜파스
017180,명문제약
115400,명보기업
012690,모나리자
005360,모나미
080420,모다이노칩
149940,모다정보통신
227680,모두웨어
080160,모두투어
204210,모두투어리츠
100030,모바일리더
101330,모베이스
051810,모보
130480,모아정보기술
033200,모아텍
009680,모토닉
006920,모헨즈
009580,무림P&P
001810,무림SP
009200,무림페이퍼
033920,무학
008420,문배철강
065310,미니멈컬렉션
161570,미동앤씨네마
080640,미라콤아이앤씨
095500,미래나노텍
025560,미래산업
007120,미래아이앤지
006800,미래에셋대우
006805,미래에셋대우우
085620,미래에셋생명
215750,미래에셋제3호스팩
239340,미래에셋제5호스팩
037620,미래에셋증권
049950,미래컴퍼니
213090,미래테크놀로지
207760,미스터블루
002840,미원상사
107590,미원에스씨
134380,미원화학
003650,미창석유
059090,미코
201490,미투온
214180,민앤지
155900,바다로19호
206640,바디텍메드
018700,바른손
035620,바른손이앤에이
064520,바른전자
029480,바른테크놀로지
053030,바이넥스
084990,바이로메드
064550,바이오니아
208710,바이오로그디바이스
142760,바이오리더스
038460,바이오스마트
086040,바이오톡스텍
032980,바이온
043150,바텍
003610,방림
001340,백광산업
014580,백광소재
046310,백금T&A
035150,백산
036620,버추얼텍
104200,벅스
002410,범양건영
002480,범양사
177350,베셀
096300,베트남개발1
007210,벽산
225530,*보광산업
002760,보락
014100,보령메디앙스
003850,보령제약
004740,보루네오
015370,보성
006910,보성파워텍
030950,보진재
026260,보타바이오
000890,보해양조
003000,부광약품
001270,부국증권
001275,부국증권우
026940,부국철강
014470,부방
015350,부산가스
011390,부산산업
005030,부산주공
008470,부스타
100120,뷰웍스
064480,브리지텍
033560,블루콤
100220,비상교육
200780,비씨월드제약
141000,비아트론
090460,비에이치
083650,비에이치아이
086670,비엠티
082920,비츠로셀
054220,비츠로시스
042370,비츠로테크
066870,비트로시스
032850,비트컴퓨터
093190,빅솔론
065450,빅텍
005180,빙그레
069540,빛과전자
072950,빛샘전자
143240,사람인에이치알
003960,사조대림
008040,사조동아원
007160,사조산업
014710,사조씨푸드
006090,사조오양
079660,사조해표
123260,사파이어테크놀로지
168570,산타크루즈
100090,삼강엠앤티
005090,삼광글라스
122350,삼기오토모티브
014970,삼륭물산
005610,삼립식품
018310,삼목에스폼
002580,삼미
053700,삼보모터스
009620,삼보산업
070080,삼보오토
011870,삼보이엔씨
161990,삼보컴퓨터
023600,삼보판지
111870,삼본정밀전자
001470,#삼부토건
006400,삼성SDI
006405,삼성SDI우
006660,삼성공조
018360,삼성메디슨
028260,삼성물산
02826K,삼성물산우B
032830,삼성생명
018260,삼성에스디에스
028050,삼성엔지니어링
009150,삼성전기
009155,삼성전기우
005930,삼성전자
005935,삼성전자우
001360,삼성제약
010140,삼성중공업
010145,삼성중공우
016360,삼성증권
068290,삼성출판사
029780,삼성카드
000810,삼성화재
000815,삼성화재우
006110,삼아알미늄
009300,삼아제약
145990,삼양사
145995,삼양사우
003230,삼양식품
002170,삼양통상
000070,삼양홀딩스
000075,삼양홀딩스우
002810,삼영무역
054540,삼영엠텍
065570,삼영이엔씨
005680,삼영전자
003720,삼영화학
082660,삼우엠스
023000,삼원강재
073640,삼원테크
004380,삼익THK
002450,삼익악기
032280,삼일
002290,삼일기업공사
000520,삼일제약
009770,삼정펄프
066190,삼중테크
037460,*삼지전자
032750,삼진
054090,삼진엘앤디
005500,삼진제약
000250,삼천당제약
004690,삼천리
024950,삼천리자전거
017480,삼현철강
001880,삼호
010960,삼호개발
046390,삼화네트웍스
004450,삼화왕관
009470,삼화전기
011230,삼화전자
001820,삼화콘덴서
000390,삼화페인트
027580,상보
041650,상신브레이크
091580,상신이디피
089980,상아프론테크
042600,새로닉스
075180,새론오토모티브
007540,샘표
248170,샘표식품
003260,서광
038070,서린바이오
006730,서부T&D
079650,서산
100660,서암기계공업
007860,서연
200880,서연이화
012860,서연전자
019770,서연탑메탈
017390,서울가스
043710,서울리거
046890,서울반도체
004410,서울식품
004415,서울식품우
063170,서울옥션
027040,서울전자통신
018680,서울제약
021050,서원
093920,서원인텍
189860,서전기전
122690,서진오토모티브
011370,서한
065710,서호전기
033790,서화정보통신
008490,서흥
035890,서희건설
003100,선광
123420,선데이토즈
007610,선도전기
136490,선진
002820,선창산업
014620,성광벤드
037350,성도이엔지
014910,성문전자
014915,*성문전자우
003080,성보화학
004980,성신양회
004987,성신양회2우B
004989,성신양회3우B
004985,성신양회우
011300,성안
081580,성우전자
045300,성우테크론
015750,성우하이텍
015200,성원
005980,성지건설
000180,성창기업지주
080470,성창오토텍
043260,성호전자
002420,세기상사
053060,세동
042380,세메스
017510,세명전기
214310,세미콘라이트
004360,세방
004365,세방우
004490,세방전지
011560,세보엠이씨
121800,세븐스타웍스
001430,세아베스틸
003030,세아제강
019440,세아특수강
058650,세아홀딩스
013000,세우글로벌
096690,세우테크
100700,세운메디칼
024830,세원물산
091090,세원셀론텍
021820,세원정공
067830,세이브존I&C
033530,세종공업
036630,세종텔레콤
039310,세중
080440,#세진전자
075580,세진중공업
067770,세진티에스
053450,세코닉스
027970,#세하
145210,세화아이엠씨
049180,셀루메드
108860,셀바스AI
208370,셀바스헬스케어
179690,셀인바이오
068270,셀트리온
068760,셀트리온제약
053110,#소리바다
052190,소프트맥스
032680,소프트센
032685,소프트센우
066910,손오공
043100,솔고바이오
070300,솔라시아
154040,솔루에타
035610,솔본
036830,솔브레인
004430,송원산업
086980,쇼박스
050960,수산아이앤티
017550,수산중공업
084180,수성
002200,수출포장
003060,슈넬생명과학
236200,슈프리마
094840,슈프리마에이치큐
192440,슈피겐코리아
099440,스맥
053210,스카이라이프
115570,스타플렉스
087220,스틸플라워
028040,스페로 글로벌
013810,스페코
039670,#스포츠서울
049830,승일
020710,시공테크
033170,시그네틱스
025320,시노펙스
131090,시큐브
016590,신대양제지
029530,신도리코
004970,신라교역
001000,신라섬유
025870,신라에스지
065350,신성델타테크
011930,신성솔라에너지
104120,신성에프에이
104110,신성이엔지
005390,신성통상
004170,신세계
035510,신세계 I&C
034300,신세계건설
031430,신세계인터내셔날
012580,신세계톰보이
031440,신세계푸드
006880,신송홀딩스
056000,신스타임즈
086830,#신양오라컴
002470,신영건설
225590,신영스팩2호
005800,신영와코루
001720,신영증권
001725,신영증권우
009270,신원
009275,신원우
017000,신원종합개발
002700,신일산업
012790,신일제약
138070,신진에스엠
019170,신풍제약
019175,신풍제약우
002870,신풍제지
005450,신한
203650,신한제2호SPAC
055550,신한지주
001770,신화실업
056700,신화인터텍
187270,신화콘텍
004080,신흥
108320,실리콘웍스
222800,심텍
036710,심텍홀딩스
042000,심플렉스인터
160980,싸이맥스
102280,쌍방울
047400,쌍용머티리얼
003410,쌍용양회
003419,쌍용양회3우B
003415,쌍용양회우
010280,쌍용정보통신
003620,쌍용차
004770,써니전자
051170,썬코어
122800,썬텍
208640,썸에이지
222420,쎄노텍
037760,쎄니트
136510,쎄미시스코
099320,쎄트렉아이
049960,쎌바이오텍
096150,쏜다넷
050890,쏠리드
099830,씨그널엔터테인먼트
073710,씨디네트웍스
073960,씨브이네트
066790,씨씨에스
004920,씨아이테크
112610,씨에스윈드
115530,씨엔플러스
225330,씨엠에스에듀
115480,씨유메디칼
096530,씨젠
900120,씨케이에이치
101240,씨큐브
047920,씨트리
060590,씨티씨바이오
036170,씨티엘
013990,아가방컴퍼니
123860,아나패스
008700,아남전자
058220,아리온
002790,아모레G
002795,아모레G우
090430,아모레퍼시픽
090435,아모레퍼시픽우
052710,아모텍
074430,아미노로직스
092040,아미코젠
083930,아바코
149950,아바텍
090370,아비스타
036010,아비코전자
002030,아세아
183190,아세아시멘트
002310,아세아제지
050860,아세아텍
067390,아스트
083570,아시아10호
083580,아시아11호
083590,아시아12호
083600,아시아13호
083610,아시아14호
083620,아시아15호
127710,아시아경제
020560,아시아나항공
143160,아이디스
054800,아이디스홀딩스
060570,아이리버
122900,아이마켓코리아
099190,아이센스
105810,아이스텍
214430,아이쓰리시스템
040910,아이씨디
068940,아이씨케이
052860,#아이앤씨
010780,아이에스동서
069920,아이에스이커머스
038880,아이에이
101390,아이엠
226350,아이엠텍
048500,아이오시스템
078860,아이오케이
114810,아이원스
023430,아이이
031310,아이즈비전
185490,아이진
007630,아이카이스트랩
059100,아이컴포넌트
039570,아이콘트롤스
052460,아이크래프트
119830,아이텍반도체
124500,아이티센
033660,아주캐피탈
032080,아즈텍WB
013310,아진산업
059120,아진엑스텍
056730,아큐픽스
023890,아트라스BX
101140,아티스
067160,아프리카TV
102955,아하정보우
102950,아하정보통신
043720,안국바이오
001540,안국약품
053800,안랩
065660,안트로젠
001780,알루코
002250,알보젠코리아
131370,알서포트
096610,알에프세미
061040,알에프텍
148250,알엔투테크놀로지
196170,알테오젠
123750,알톤스포츠
085810,알티캐스트
117670,알파홀딩스
161000,애경유화
205500,액션스퀘어
052790,액토즈소프트
131400,액트
238090,앤디포스
129050,앤알커뮤니
030960,양지사
102120,어보브반도체
019990,에너토크
011090,에넥스
025980,에머슨퍼시픽
041440,에버다임
010090,에브리데이리
038680,에스넷
121890,에스디시스템
030270,에스마크
097780,에스맥
042110,에스씨디
065420,에스아이리소스
050320,에스아이티글로벌
103230,에스앤더블류
900080,에스앤씨엔진그룹
101490,에스앤에스텍
095910,에스에너지
036500,#에스에스컴텍
031330,에스에이엠티
060540,에스에이티
112240,에스에프씨
056190,에스에프에이
080000,에스엔유
160600,에스엔텍
005850,에스엘
041510,에스엠
007820,에스엠코어
109610,에스와이패널
012750,에스원
096630,에스코넥
114290,에스코어
069510,에스텍
041910,에스텍파마
039440,에스티아이
098660,에스티오
052020,에스티큐브
237690,에스티팜
050760,에스폴리텍
036150,에스피반도체
058610,에스피지
039110,에스피컴텍
043340,에쎈테크
023960,에쓰씨엔지니어링
037890,에어미디어
054630,#에이디칩스
200710,에이디테크놀로지
031860,에이모션
078520,에이블씨엔씨
003800,에이스침대
088800,에이스테크
138360,에이씨티
015260,에이엔피
035290,#에이원앤
072990,에이치시티
028300,에이치엘비
067630,에이치엘비생명과학
226340,에이치엠씨3호스팩
044780,에이치케이
071670,에이테크솔루션
045660,에이텍
224110,에이텍티앤
021080,에이티넘인베스트
089530,#에이티세미콘
182400,에이티젠
073570,#에이티테크놀러지
043580,에임하이
214870,에치디프로
230360,에코마케팅
038870,에코바이오
052510,에코솔루션
102420,에코엘이디
104690,에코텍
086520,에코프로
038110,에코플라스틱
073540,에프알텍
036810,에프에스티
063440,에프엔씨애드컬쳐
173940,에프엔씨엔터
065160,에프티이앤이
054940,엑사이엔씨
950130,엑세스바이오
205100,엑셈
092870,엑시콘
067570,엔브이에이치코리아
036570,엔씨소프트
183560,엔알미광텍
054340,#엔알케이
217820,엔에스
095300,#엔에스브이
138250,엔에스쇼핑
207720,엔에이치SL스팩
198440,엔에이치스팩3호
215790,엔에이치스팩5호
217810,엔에이치스팩7호
218410,엔에이치스팩8호
225570,엔에이치스팩9호
208860,엔지스테크널러지
085310,엔케이
206400,엔터메이트
068420,엔터미디어
069410,엔텔스
048830,엔피케이
096870,엘디티
061970,엘비세미콘
138690,엘아이에스
220260,엘아이지이에스스팩
066970,엘앤에프
229640,엘에스전선아시아
073110,엘엠에스
083310,엘오티베큠
037950,엘컴텍
170920,엘티씨
058630,엠게임
019590,엠벤처투자
008120,엠소닉
097520,엠씨넥스
009780,엠에스씨
123040,엠에스오토텍
032790,엠젠플러스
180400,엠지메드
033160,엠케이전자
069640,엠케이트렌드
206300,엠텍비젼
074000,엠텍비젼에셋
050540,엠피씨
115960,연우
090740,연이정보통신
014440,영보화학
007530,영신금속
143540,영우디에스피
111770,영원무역
009970,영원무역홀딩스
036180,영인프런티어
003520,영진약품
001890,영창뮤직
000670,영풍
036560,영풍정밀
006740,영풍제지
012280,영화금속
012160,영흥철강
036000,예림당
053280,예스24
015360,예스코
122640,예스티
045060,오공
080520,오디텍
007310,오뚜기
039830,오로라
046120,오르비텍
014940,오리엔탈정공
002630,오리엔트바이오
038520,오리엔트전자
065500,오리엔트정공
001800,오리온
010470,오리콤
053980,오상자이엘
052420,오성엘에스티
039200,오스코텍
031510,오스템
048260,오스템임플란트
138080,오이솔루션
080580,오킨스전자
067170,오텍
049480,오픈베이스
196450,온다 엔터테인먼트
057540,옴니시스템
057680,옴니텔
123010,옵토팩
082210,옵트론텍
109080,옵티시스
052770,와이디온라인
010600,와이비로드
057030,와이비엠넷
122990,와이솔
067900,와이엔텍
155650,와이엠씨
066430,#와이오엠
193250,와이제이엠게임즈
019210,와이지-원
122870,와이지엔터테인먼트
079000,와토스코리아
110030,완도전복
900180,완리
070960,용평리조트
114630,우노앤컴퍼니
032820,우리기술
041190,우리기술투자
115440,우리넷
004720,우리들제약
118000,우리들휴브레인
046970,우리로
215360,우리산업
072470,우리산업홀딩스
073560,우리손에프앤지
000030,우리은행
153490,우리이앤엘
082850,우리이티아이
037400,우리조명
010050,우리종금
101170,우림기계
006980,우성사료
194610,우성아이비
066590,우수AMS
068560,우신공업
017370,우신시스템
046940,우원개발
168950,우일음료
052270,#우전
065680,우주일렉트로
105840,우진
018620,우진비앤지
215640,우진이엔지
049800,우진플라임
016880,웅진
095720,웅진씽크빅
103130,웅진에너지
005820,원림
032940,원익
240810,원익IPS
074600,원익QnC
104830,원익머트리얼즈
014190,원익큐브
030530,원익홀딩스
012620,원일특강
008370,원풍
008290,원풍물산
101160,월덱스
095270,웨이브일렉트로
900130,웨이포트
065950,웰크론
114190,웰크론강원
076080,웰크론한텍
196700,웹스
069080,웹젠
053580,웹케시
039790,위노바
044340,위닉스
112040,위메이드
038620,위즈코프
036090,위지트
136540,윈스
097800,윈팩
192390,윈하이텍
008600,윌비스
033270,유나이티드제약
044480,유니더스
014830,유니드
036200,유니셈
018000,유니슨
000910,유니온
011330,유니켐
077500,유니퀘스트
011320,유니크
086390,유니테스트
241690,유니테크노
063180,유니텍
142210,유니트론텍
048430,유라테크
089850,유비벨록스
032620,유비케어
078070,유비쿼스
002920,유성기업
024800,유성티엔에스
000700,유수홀딩스
054930,유신
069330,유아이디
049520,유아이엘
043220,유아이엠엔터
204620,유안타제1호스팩
219960,유안타제2호스팩
003470,유안타증권
003475,유안타증권우
056090,유앤아이
011690,유양디앤유
072130,유엔젤
000220,유유제약
000225,유유제약1우
000227,유유제약2우B
195990,유지인트
023410,유진기업
056080,유진로봇
221200,유진스팩3호
215090,유진에이씨피씨스팩
084370,유진테크
001200,유진투자증권
178780,유테크
000100,유한양행
000105,유한양행우
003460,유화증권
003465,유화증권우
191410,육일씨엔에쓰
008730,율촌화학
044960,이-글 벳
008250,이건산업
039020,이건창호
025820,이구산업
060230,이그잭스
067920,이글루시큐리티
214320,이노션
073490,이노와이어리스
088390,이녹스
053350,이니텍
033110,이디
041520,이라이콤
054210,이랜텍
065440,이루온
139480,이마트
036260,이매진아시아
115610,이미지스
217600,이베스트스팩2호
225440,이베스트스팩3호
078020,이베스트투자증권
080010,이상네트웍스
086890,이수앱지스
007660,이수페타시스
005950,이수화학
015020,이스타코
047560,이스트소프트
900110,이스트아시아홀딩스
067010,이씨에스
093230,이아이디
223310,이에스브이
074610,이엔쓰리
102710,이엔에프테크놀로지
094190,이엘케이
123570,이엠넷
095190,이엠코리아
091120,이엠텍
102460,이연제약
039030,이오테크닉스
088290,이원컴포텍
084680,이월드
033600,이젠텍
035810,이지바이오
090850,이지웰페어
058530,이큐스앤자루
092130,이크레더블
016250,이테크건설
096040,이트론
134060,이퓨쳐
001840,이화공영
000760,이화산업
024810,이화전기
014990,인디에프
041830,인바디
079950,인베니아
060150,인선이엔티
033230,인성정보
040850,인슈넷
006490,인스코비
037330,인지디스플레
023800,인지컨트롤스
034590,인천도시가스
013090,인켈
083640,인콘
049070,인탑스
119610,인터로조
158310,인터불스
017250,인터엠
129260,인터지스
108790,인터파크
035080,인터파크홀딩스
051370,인터플렉스
043540,인터하우스
064290,인텍플러스
189300,인텔리안테크
150840,인트로메딕
048530,인트론바이오
023810,인팩
175140,인포마크
115310,인포바인
039290,인포뱅크
041020,인프라웨어
071200,인피니트헬스케어
101930,인화정공
078940,일경산업개발
249420,일동제약
000230,일동홀딩스
013360,일성건설
013367,일성건설2우B
003120,일성신약
068330,일신바이오
003200,일신방직
007110,일신석재
058450,일야
007570,일양약품
007575,일양약품우
008500,일정실업
019540,일지테크
081000,일진다이아
020760,일진디스플
020150,일진머티리얼즈
103590,일진전기
094820,일진파워
015860,일진홀딩스
001590,일화모직공업
226320,잇츠스킨
950140,잉글우드랩(Reg.S)
049550,잉크테크
043910,자연과환경
046840,자유투어
234920,자이글
140310,자일대우자판
033240,자화전자
174880,장원테크
049630,재영솔루텍
000950,전방
065530,전파기지국
208140,정다운
022220,정산애강
040420,정상제이엘에스
045510,정원엔시스
065620,제낙스
217190,제너셈
095700,제넥신
187420,제노포커스
123330,제닉
159580,제로투세븐
147830,제룡산업
033100,제룡전기
019570,#제미니투자
079370,제우스
054950,제이브이엠
090470,제이스텍
137950,제이씨케미칼
033320,제이씨현시스템
194370,제이에스코퍼레이션
026040,제이에스티나
126880,제이엔케이히터
033050,제이엠아이
094970,제이엠티
058420,제이웨이
025620,제이준
036420,제이콘텐트리
089790,제이티
030000,제일기획
052670,제일바이오
002620,제일약품
001560,제일연마
023440,제일제강
044590,제일테크
038010,제일테크노스
033480,제주국제컨벤
080220,제주반도체
006220,제주은행
089590,제주항공
082270,젬백스
041590,젬백스테크놀러지
044060,조광ILI
004910,조광페인트
004700,조광피혁
001550,조비
000480,조선내화
120030,조선선재
034940,조아제약
101730,#조이맥스
067000,조이시티
018470,조일알미늄
002600,조흥
185750,종근당
063160,종근당바이오
001630,종근당홀딩스
033340,좋은사람들
036930,주성엔지니어링
044380,주연테크
900050,#중국원양자원
189390,중부트레이딩
072020,중앙백신
000440,중앙에너비스
054180,중앙오션
013890,지누스
155960,지디
208350,지란지교시큐리티
114570,지스마트글로벌
051160,지어소프트
037640,지에스엔텍
166220,지에스엘제약
053050,지에스이
119850,지엔씨에너지
065060,지엔코
204840,지엘팜텍
013870,지엠비코리아
018290,지엠피
071320,지역난방공사
033030,지오엠씨
010580,지코
035000,지투알
115450,지트리비앤티
088790,진도
018120,진로발효
109820,진매트릭스
086060,진바이오텍
036890,진성티이씨
003780,진양산업
007370,진양제약
010640,진양폴리
100250,진양홀딩스
051630,진양화학
011000,진원생명과학
002780,진흥기업
002787,진흥기업2우B
002785,진흥기업우B
085660,차바이오텍
900040,차이나그레이트
900090,차이나하오란
009310,참엔지니어링
094850,참좋은레져
004650,창해에탄올
111820,처음앤씨
000650,천일고속
001490,천지산업
096240,청담러닝
013720,청보산업
012600,청호컴넷
033250,체시스
047820,초록뱀
094360,칩스앤미디어
016920,카스
035720,카카오
006380,카프로
071850,캐스텍코리아
066410,캔들미디어
050110,캠시스
078340,컴투스
214370,케어젠
087800,케이디비생명
115410,케이디이노
221980,케이디켐
043290,케이맥
250930,케이비제10호스팩
222390,케이비제8호스팩
232270,케이비제9호스팩
021960,케이비캐피탈
192250,케이사인
115500,케이씨에스
029460,케이씨텍
089150,케이씨티
025880,케이씨피드
093320,케이아이엔엑스
040100,케이아이티
065940,케이에스씨비
073010,#케이에스피
105330,케이엔더블유
068150,#케이엔씨글로벌
039420,케이엘넷
083550,케이엠
032500,케이엠더블유
145270,케이탑리츠
204650,케이티비스팩1호
214150,케이티비스팩2호
058860,케이티스
031690,케이티파워텔
064820,케이프
024880,케이피에프
042040,케이피엠테크
054410,케이피티
089010,켐트로닉스
052400,코나아이
094860,#코닉글로리
046070,코다코
047770,#코데즈컴바인
080530,코디에스
224060,코디엠
900140,코라오홀딩스
078650,코렌
104540,코렌텍
033430,#코리드
090970,코리아01호
090980,코리아02호
090990,코리아03호
091000,코리아04호
040470,코리아2000
027050,코리아나
020920,코리아로터리
007815,코리아써우
007810,코리아써키트
00781K,코리아써키트2우B
101670,코리아에스이
123410,코리아에프티
152330,코리아오토글라스
003690,코리안리
036690,코맥스
049430,코메론
041960,코미팜
009730,코센
192820,코스맥스
044820,코스맥스비티아이
005070,코스모신소재
005420,코스모화학
069110,코스온
06276K,코스텍2우
062760,코스텍시스
048870,#코아로직
071950,코아스
166480,코아스템
045970,코아시아홀딩스
038530,코아크로스
029960,코엔텍
002020,코오롱
003070,코오롱글로벌
003075,코오롱글로벌우
144620,코오롱머티리얼
102940,코오롱생명과학
002025,코오롱우
120110,코오롱인더
120115,코오롱인더우
138490,코오롱플라스틱
021240,코웨이
033290,코웰패션
056360,코위버
121850,코이즈
040480,코캄
015710,코콤
052330,코텍
126600,코프라
200130,콜마비앤에이치
038710,콜마파마
031820,콤텍시스템
225650,쿠첸
192400,쿠쿠전자
123440,퀀텀에너지
060280,큐렉소
040350,큐로컴
051780,큐로홀딩스
115180,큐리언트
065560,큐브스
182360,큐브엔터
066310,큐에스아이
016600,큐캐피탈
005740,크라운제과
005745,크라운제우
043590,크로바하이텍
114120,크루셜텍
083790,크리스탈
900250,크리스탈신소재
045520,크린앤사이언스
218710,키움스팩3호
226850,키움스팩4호
039490,키움증권
012170,키위미디어그룹
054780,키이스트
219130,타이거일렉
065130,탑엔지니어링
015890,태경산업
006890,태경화학
023160,태광
003240,태광산업
011280,태림포장
053620,태양
004100,태양금속
004105,태양금속우
072520,#태양씨앤엘
009410,태영건설
009415,태영건설우
044490,태웅
001420,태원물산
007980,태평양물산
191420,테고사이언스
123100,테라세미콘
182690,테라셈
066700,테라젠이텍스
095610,테스
131970,테스나
089030,테크윙
038540,텍셀네트컴
054450,텔레칩스
091440,텔레필드
078000,텔코웨어
200230,텔콘
214420,토니모리
051360,토비스
045340,토탈소프트
057880,#토필드
108230,톱텍
079970,투비소프트
061610,투에버
140890,트러스제7호
052290,트레이스
105550,트루윈
026150,특수건설
033830,티비씨
064760,티씨케이
131290,티에스이
019180,티에이치엔
062860,티엘아이
004870,티웨이홀딩스
104480,티케이케미칼
081150,티플랙스
130740,티피씨글로벌
134790,팀스
084730,팅크웨어
046210,파나진
034230,파라다이스
033540,파라텍
043200,파루
214450,파마리서치프로덕트
005690,파미셀
177830,파버나인
037070,파세코
150900,파수닷컴
140950,파워 K100
152870,파워 K200
192720,파워 고배당저변동성
176710,파워 국고채
226810,파워 단기채
037030,파워넷
047310,파워로직스
040870,파이널데이터
170790,#파이오링크
049120,*파인디앤씨
038950,파인디지털
106240,파인테크닉스
131760,파인텍
140860,파크시스템스
091700,파트론
194510,파티게임즈
038160,팍스넷
032800,판타지오
043090,팜스웰바이오
036580,팜스코
027710,팜스토리
054300,팬스타엔터프라이즈
068050,팬엔터테인먼트
028670,팬오션
222110,팬젠
010820,퍼스텍
016800,퍼시스
060900,#퍼시픽바이오
001020,페이퍼코리아
087010,펩트론
090080,평화산업
043370,평화정공
010770,평화홀딩스
119500,포메탈
016670,포비스티앤씨
022100,포스코 ICT
058430,포스코강판
025100,포스코건설
047050,포스코대우
009520,포스코엠텍
003670,포스코켐텍
010150,포스코티엠씨
189690,포시에스
045020,포앤티
141020,포티스
039230,폭스브레인
005670,푸드웰
094940,푸른기술
007330,푸른저축은행
017810,풀무원
093380,풍강
093860,풍국
023900,풍국주정
001310,풍림산업
103140,풍산
005810,풍산홀딩스
214270,퓨쳐스트림네트웍스
035200,프럼파스트
203690,프로스테믹스
053610,프로텍
053160,프리엠스
060910,#프리젠
075130,플랜티넷
023770,플레이위드
032580,피델릭스
051380,피씨디렉트
237750,피앤씨테크
131390,피앤이솔루션
024850,피에스엠씨
031980,피에스케이
002230,피에스텍
137400,피엔티
128660,피제이메탈
006140,피제이전자
087600,픽셀플러스
033180,필룩스
064800,필링크
230240,하나금융7호스팩
250060,하나금융8호스팩
086790,하나금융지주
099340,하나니켈1호
099350,하나니켈2호
067310,하나마이크론
208870,하나머스트3호스팩
215100,하나머스트4호스팩
218150,하나머스트5호스팩
039130,하나투어
136480,하림
024660,하림홀딩스
049130,하우리
172580,하이골드12호
139200,하이골드2호
153360,하이골드3호
159650,하이골드8호
149980,하이로닉
013030,하이록코리아
126700,하이비젼시스템
200470,하이셈
106080,하이소닉
071090,하이스틸
066980,하이쎌
235010,하이에이아이1호스
205470,하이제2호스팩
217500,하이제3호스팩
221840,하이즈항공
106190,하이텍팜
030010,하이투자증권
019490,하이트론
000080,하이트진로
000087,하이트진로2우B
000140,하이트진로홀딩스
000145,하이트진로홀딩스우
066130,하츠
222080,한국3호스팩
240540,한국4호스팩
152550,한국ANKOR유전
004590,한국가구
036460,한국가스공사
039340,한국경제TV
005430,한국공항
071050,한국금융지주
071055,한국금융지주우
034950,한국기업평가
010040,한국내화
025540,한국단자
222980,한국맥널티
004090,한국석유
025550,한국선재
002960,한국쉘석유
123130,한국실리콘
017890,한국알콜
054190,한국우사회
002000,한국유리
002005,한국유리우
123890,한국자산신탁
015760,한국전력
063570,한국전자금융
041460,한국전자인증
006200,한국전자홀딩스
101680,한국정밀기계
039740,한국정보공학
053300,한국정보인증
025770,한국정보통신
002300,한국제지
023350,한국종합기술
025890,한국주강
000970,한국주철관
104700,한국철강
012350,한국체인공업
017960,한국카본
023760,한국캐피탈
054040,한국컴퓨터
161890,한국콜마
024720,한국콜마홀딩스
021650,한국큐빅
161390,한국타이어
000240,한국타이어월드와이드
053590,한국테크놀로지
034830,한국토지신탁
007280,#한국특수형강
168490,한국패러랠
037230,한국팩키지
010100,한국프랜지
047810,한국항공우주
123690,한국화장품
003350,한국화장품제조
030520,한글과컴퓨터
052600,한네트
011500,한농화성
002390,한독
014790,한라
092460,한라IMS
060980,한라홀딩스
053690,한미글로벌
042700,한미반도체
008930,한미사이언스
128940,한미약품
047080,한빛소프트
009240,한샘
020000,한섬
100380,한섬피앤디
003680,한성기업
105630,한세실업
016450,한세예스24홀딩스
010420,한솔PNS
081970,한솔넥스지
009180,한솔로지스틱스
099660,한솔신텍
221610,한솔씨앤피
007190,한솔아트원제지
007197,한솔아트원제지2우B
070590,한솔인티큐브
213500,한솔제지
014680,한솔케미칼
004710,한솔테크닉스
004150,한솔홀딩스
025750,한솔홈데코
042520,한스바이오메드
004960,한신공영
011700,한신기계
008690,한양
078350,한양디지텍
045100,한양이엔지
001750,한양증권
001755,한양증권우
064090,한양하이타오
018880,한온시스템
009420,한올바이오파마
014130,한익스프레스
006440,한일건설
046110,한일네트웍스
024740,한일단조
005860,한일사료
003300,한일시멘트
123840,한일진공
002220,한일철강
007770,한일화학
051600,한전KPS
052690,한전기술
130660,한전산업
002320,한진
097230,한진중공업
003480,한진중공업홀딩스
180640,한진칼
18064K,한진칼우
061460,한진피앤씨
117930,#한진해운
005110,한창
079170,한창산업
009460,한창제지
054920,한컴시큐어
077280,한컴지엠디
002680,한탑
066110,한프
000880,한화
00088K,한화3우B
217620,한화ACPC스팩
215380,한화MGI스팩
027390,한화갤러리아타임월드
088350,한화생명
000370,한화손해보험
214680,한화에이스스팩1호
219860,한화에이스스팩2호
000885,한화우
009830,한화케미칼
009835,한화케미칼우
012450,한화테크윈
003530,한화투자증권
003535,한화투자증권우
015540,#핫텍
102210,해덕파워웨이
220630,해마로푸드서비스
195870,해성디에스
034810,해성산업
076610,해성옵틱스
101530,해태제과식품
065180,해피드림
008800,행남생활건강
900270,헝셩그룹
089470,현대EP
000720,현대건설
000725,현대건설우
170030,현대공업
005440,현대그린푸드
086280,현대글로비스
221950,현대드림3호스팩
226360,현대드림4호스팩
040830,현대로지스틱
064350,현대로템
079430,현대리바트
012330,현대모비스
010620,현대미포조선
069960,현대백화점
004560,현대비앤지스틸
004565,현대비앤지스틸우
012630,현대산업
011760,현대상사
011200,#현대상선
006390,현대시멘트
227840,현대씨앤에프
075120,현대아산
048410,현대아이비티
004310,현대약품
204760,현대에이블스팩1호
126560,현대에이치씨엔
017800,현대엘리베이
011210,현대위아
115580,현대인프라
026180,현대정보기술
004020,현대제철
009540,현대중공업
003450,현대증권
005380,현대차
005387,현대차2우B
005389,현대차3우B
005385,현대차우
039010,현대통신
011720,#현대페인트
001450,현대해상
057050,현대홈쇼핑
092300,현우산업
053660,#현진소재
011080,형지I&C
093240,형지엘리트
003010,혜인
008770,호텔신라
008775,호텔신라우
060560,홈센타홀딩스
064240,홈캐스트
039610,화성
002460,화성산업
013520,화승알앤에이
241590,화승엔터프라이즈
006060,화승인더
010690,화신
126640,화신정공
086250,화신테크
204630,화이브라더스
133820,화인베스틸
061250,화일약품
134780,화진
010660,화천기계
000850,화천기공
012670,환영철강공업
016580,환인제약
032560,황금에스티
004800,효성
094280,효성ITX
097870,효성오앤비
046290,효성캐피탈
093370,후성
050090,휘닉스소재
056880,휘라포토닉스
081660,휠라코리아
005870,휴니드
115160,휴맥스
028080,휴맥스홀딩스
200670,휴메딕스
079980,휴비스
065510,휴비츠
005010,휴스틸
243070,휴온스
084110,휴온스글로벌
145020,휴젤
069260,휴켐스
036840,휴코드
024060,흥구석유
010240,흥국
215620,흥국 S&P 로우볼
189980,흥국에프엔비
000540,흥국화재
000547,흥국화재2우B
000545,흥국화재우
003280,흥아해운
037440,희림
095570,AJ네트웍스
068400,AJ렌터카
006840,AK홀딩스
054620,AP시스템
211270,AP위성통신
152100,ARIRANG 200
253150,ARIRANG 200선물레버리지
253160,ARIRANG 200선물인버스2X
189400,ARIRANG AC 월드(합성 H)
141240,ARIRANG K100EW
122090,ARIRANG KOSPI50
222170,ARIRANG S&P 배당성장
251590,ARIRANG 고배당저변동50
161510,ARIRANG 고배당주
251600,ARIRANG 고배당주채권혼합
190160,ARIRANG 단기유동성
213630,ARIRANG 미국고배당주(합성 H)
190150,ARIRANG 바벨 채권
161490,ARIRANG 방어주
195970,ARIRANG 선진국(합성 H)
236460,ARIRANG 스마트베타 LowVOL
222190,ARIRANG 스마트베타 Momentum
222200,ARIRANG 스마트베타 Quality
222180,ARIRANG 스마트베타 Value
244820,ARIRANG 스마트베타4종결합
238670,ARIRANG 스마트베타Quality채권혼합
195980,ARIRANG 신흥국(합성 H)
239660,ARIRANG 우량회사채50
161500,ARIRANG 주도주
204420,ARIRANG 차이나H 레버리지(합성 H)
227830,ARIRANG 코스피
027410,BGF리테일
138930,BNK금융지주
001460,BYC
001465,BYC우
032040,C&S자산관리
001040,CJ
079160,CJ CGV
130960,CJ E&M
000120,CJ대한통운
011150,CJ씨푸드
011155,CJ씨푸드1우
035760,CJ오쇼핑
001045,CJ우
097950,CJ제일제당
097955,CJ제일제당 우
051500,CJ프레시웨이
037560,CJ헬로비전
058820,CMG제약
023460,CNH
065770,#CS
083660,CSA 코스믹
000590,CS홀딩스
139130,DGB금융지주
068790,DMS
004840,DRB동일
155660,DSR
069730,DSR제강
017940,E1
037370,EG
079190,EMW
007700,F&F
114090,GKL
032860,GMR 머티리얼즈
078930,GS
083450,GST
006360,GS건설
001250,GS글로벌
007070,GS리테일
078935,GS우
028150,GS홈쇼핑
066400,HANATOURIST
078150,HB테크놀러지
134610,HK자산관리
007640,HK저축은행
001500,HMC투자증권
036640,HRS
225430,IBKS제3호스팩
230980,IBKS제4호스팩
104770,IBK투자증권
003560,IHQ
095340,ISC
099520,ITX엠투엠
175330,JB금융지주
067290,JW신약
001060,JW중외제약
001067,JW중외제약2우B
001065,JW중외제약우
096760,JW홀딩스
035900,JYP Ent.
148020,KBSTAR 200
252400,KBSTAR 200선물레버리지
252410,KBSTAR 200선물인버스
252420,KBSTAR 200선물인버스2X
105780,KBSTAR 5대그룹주
234310,KBSTAR V&S셀렉트밸류
241390,KBSTAR V&S셀렉트밸류채권혼합
114100,KBSTAR 국고채
196230,KBSTAR 단기통안채
123760,KBSTAR 레버리지
252730,KBSTAR 모멘텀로우볼
252720,KBSTAR 모멘텀밸류
219390,KBSTAR 미국원유생산기업(합성 H)
140570,KBSTAR 수출주
140580,KBSTAR 우량업종
136340,KBSTAR 우량회사채
196220,KBSTAR 일본레버리지(H)
183710,KBSTAR 주식혼합
174360,KBSTAR 중국본토대형주CSI100
250730,KBSTAR 차이나H주(H)
183700,KBSTAR 채권혼합
253280,KBSTAR 헬스케어
253290,KBSTAR 헬스케어채권혼합
143500,KBS미디어
105560,KB금융
002550,KB손해보험
024120,KB오토시스
002380,KCC
021320,KCC건설
036670,KCI
009070,KCTC
009440,KC그린홀딩스
119650,KC코트렐
044180,KD건설
092220,KEC
151860,KG ETS
109070,KGP
046440,KG모빌리언스
035600,KG이니시스
001390,KG케미칼
060720,KH바텍
105190,KINDEX 200
225130,KINDEX 골드선물 레버리지(합성 H)
232590,KINDEX 골드선물 인버스2X(합성 H)
114460,KINDEX 국고채
190620,KINDEX 단기자금
152500,KINDEX 레버리지
181480,KINDEX 미국리츠부동산(합성 H)
211260,KINDEX 배당성장
143460,KINDEX 밸류대형
245710,KINDEX 베트남VN30(합성)
131890,KINDEX 삼성그룹EW
108450,KINDEX 삼성그룹SW
145670,KINDEX 인버스
238720,KINDEX 일본Nikkei225(H)
196030,KINDEX 일본레버리지(H)
205720,KINDEX 일본인버스(합성 H)
168580,KINDEX 중국본토CSI300
219900,KINDEX 중국본토레버리지(합성)
227930,KINDEX 코스닥 150
251890,KINDEX 코스닥(합성)
234790,KINDEX 코스닥150 레버리지
226380,KINDEX 한류
001940,KISCO홀딩스
083470,KJ프리텍
122450,KMH
052900,KMH하이텍
058400,KNN
152380,KODEX 10년국채선물
069500,KODEX 200
237350,KODEX 200 대형
226980,KODEX 200 중소형
223190,KODEX 200가치저변동
252650,KODEX 200동일가중
252670,KODEX 200선물인버스2X
099140,KODEX China H
204450,KODEX China H 레버리지(H)
101280,KODEX Japan
229720,KODEX KTOP30
156080,KODEX MSCI KOREA
251350,KODEX MSCI World
200050,KODEX MSCI독일(합성)
219480,KODEX S&P500선물(H)
247780,KODEX 가치투자
117700,KODEX 건설
132030,KODEX 골드선물(H)
138910,KODEX 구리선물(H)
114260,KODEX 국고채
102960,KODEX 기계장비
153130,KODEX 단기채권
214980,KODEX 단기채권PLUS
122630,KODEX 레버리지
244620,KODEX 모멘텀Plus
200020,KODEX 미국IT(합성)
200040,KODEX 미국금융(합성)
185680,KODEX 미국바이오(합성)
200030,KODEX 미국산업재(합성)
218420,KODEX 미국에너지(합성)
244580,KODEX 바이오
091160,KODEX 반도체
211900,KODEX 배당성장
237370,KODEX 배당성장채권혼합
244670,KODEX 밸류Plus
140700,KODEX 보험
102780,KODEX 삼성그룹
213610,KODEX 삼성그룹밸류
247790,KODEX 성장투자
136280,KODEX 소비재
117460,KODEX 에너지화학
140710,KODEX 운송
144600,KODEX 은선물(H)
091170,KODEX 은행
114800,KODEX 인버스
176950,KODEX 인버스국채선물10년
091180,KODEX 자동차
169950,KODEX 중국본토 A50
102970,KODEX 증권
117680,KODEX 철강
229200,KODEX 코스닥 150
233740,KODEX 코스닥150 레버리지
251340,KODEX 코스닥150인버스
226490,KODEX 코스피
138920,KODEX 콩선물(H)
244660,KODEX 퀄리티Plus
247800,KODEX 턴어라운드투자
153270,KOSEF 100
148070,KOSEF 10년국고채
167860,KOSEF 10년국고채 레버리지
069660,KOSEF 200
152280,KOSEF 200 선물
253250,KOSEF 200선물레버리지
253240,KOSEF 200선물인버스
253230,KOSEF 200선물인버스2X
100910,KOSEF KRX100
104530,KOSEF 고배당
114470,KOSEF 국고채
130730,KOSEF 단기자금
138230,KOSEF 달러선물
139660,KOSEF 달러인버스선물
225800,KOSEF 미국달러선물 레버리지(합성)
230480,KOSEF 미국달러선물 인버스2X(합성)
104520,KOSEF 블루칩
200250,KOSEF 인디아(합성)
122260,KOSEF 통안채
083420,KPX그린케미칼
114450,KPX생명과학
025000,KPX케미칼
092230,KPX홀딩스
000040,KR모터스
044450,KSS해운
030200,KT
033780,KT&G
030210,KTB투자증권
036030,KTH
168300,KTOP 50
058850,KTcs
043610,KT뮤직
060370,KT서브마린
093050,LF
003550,LG
034220,LG디스플레이
001120,LG상사
068870,LG생명과학
068875,LG생명과학우
051900,LG생활건강
051905,LG생활건강우
003555,LG우
032640,LG유플러스
011070,LG이노텍
066570,LG전자
066575,LG전자우
108670,LG하우시스
108675,LG하우시스우
051910,LG화학
051915,LG화학우
079550,LIG넥스원
006260,LS
000680,LS네트웍스
010120,LS산전
190410,LS아이앤디
104230,LS전선
159910,MBK
086960,MDS테크
023150,MH에탄올
065150,MPK
035420,NAVER
160550,NEW
181710,NHN엔터테인먼트
060250,NHN한국사이버결제
005940,NH투자증권
005945,NH투자증권우
034310,NICE
030190,NICE평가정보
008260,NI스틸
004250,NPC
004255,NPC우
010060,OCI
024940,PN풍년
005490,POSCO
091340,S&K폴리텍
100840,S&TC
064960,S&T모티브
003570,S&T중공업
036530,S&T홀딩스
010950,S-Oil
010955,S-Oil우
950110,SBI액시즈
019550,SBI인베스트먼트
034120,SBS
101060,SBS미디어홀딩스
046140,SBS콘텐츠허브
036120,SCI평가정보
099220,SDN
036540,SFA반도체
040610,SG&G
049470,SGA
184230,SGA솔루션즈
004060,SG세계물산
001970,SG신성건설
001380,SG충방
002360,SH에너지화학
009160,SIMPAC
090730,SIMPAC METALLOY
123700,SJM
025530,SJM홀딩스
034730,SK
207930,SK1호스팩
219550,SK2호스팩
011790,SKC
057500,SKC 솔믹스
178920,SKC코오롱PI
018670,SK가스
003340,SK건설
001740,SK네트웍스
001745,SK네트웍스우
210980,SK디앤디
036490,SK머티리얼즈
052260,SK바이오랜드
03473K,SK우
096770,SK이노베이션
096775,SK이노베이션우
001510,SK증권
001515,SK증권우
066270,#SK컴즈
006120,SK케미칼
006125,SK케미칼우
017670,SK텔레콤
043880,SK텔링크
000660,SK하이닉스
048550,SM C&C
208470,SMART MSCI선진국(합성 H)
220130,SMART 중국본토 중소형 CSI500(합성 H)
011810,STX
077970,STX엔진
071970,#STX중공업
084870,TBH글로벌
002710,TCC동양
089230,#THE E&M
102110,TIGER 200
139260,TIGER 200 IT
139220,TIGER 200 건설
139290,TIGER 200 경기소비재
139270,TIGER 200 금융
227550,TIGER 200 산업재
227560,TIGER 200 생활소비재
139250,TIGER 200 에너지화학
139230,TIGER 200 중공업
139240,TIGER 200 철강소재
227540,TIGER 200 헬스케어
243880,TIGER 200IT레버리지
252000,TIGER 200동일가중
252710,TIGER 200선물인버스2X
243890,TIGER 200에너지화학레버리지
091210,TIGER KRX100
228820,TIGER KTOP30
138530,TIGER LG그룹+
225040,TIGER S&P500레버리지(합성 H)
143850,TIGER S&P500선물(H)
225030,TIGER S&P500인버스선물(H)
182480,TIGER US리츠(합성 H)
217790,TIGER 가격조정
139280,TIGER 경기방어
237440,TIGER 경기방어채권혼합
160580,TIGER 구리실물
114820,TIGER 국채3
248270,TIGER 글로벌헬스케어(합성)
139310,TIGER 금속선물(H)
139320,TIGER 금은선물(H)
133690,TIGER 나스닥100
203780,TIGER 나스닥바이오
137610,TIGER 농산물선물(H)
182490,TIGER 단기선진하이일드(합성 H)
253990,TIGER 대만TAIEX파생(H)
105010,TIGER 라틴
123320,TIGER 레버리지
174350,TIGER 로우볼
147970,TIGER 모멘텀
245340,TIGER 미국다우존스30
228810,TIGER 미디어컨텐츠
098560,TIGER 미디어통신
091230,TIGER 반도체
211560,TIGER 배당성장
170350,TIGER 베타플러스
138520,TIGER 삼성그룹
152180,TIGER 생활필수품
157490,TIGER 소프트웨어
228800,TIGER 여행레저
227570,TIGER 우량가치
130680,TIGER 원유선물(H)
217770,TIGER 원유인버스선물(H)
157450,TIGER 유동자금
195930,TIGER 유로스탁스50(합성 H)
225050,TIGER 유로스탁스레버리지(합성 H)
245350,TIGER 유로스탁스배당30
091220,TIGER 은행
225060,TIGER 이머징마켓레버리지(합성 H)
236350,TIGER 인도레버리지(합성)
123310,TIGER 인버스
195920,TIGER 일본(합성 H)
241180,TIGER 일본니케이225
248260,TIGER 일본헬스케어(합성)
157510,TIGER 자동차
150460,TIGER 중국소비테마
157500,TIGER 증권
117690,TIGER 차이나
192090,TIGER 차이나A300
204480,TIGER 차이나A레버리지(합성)
217780,TIGER 차이나A인버스(합성)
245360,TIGER 차이나H
166400,TIGER 커버드C200
232080,TIGER 코스닥150
233160,TIGER 코스닥150 레버리지
250780,TIGER 코스닥150인버스
210780,TIGER 코스피고배당
143860,TIGER 헬스케어
138540,TIGER 현대차그룹+
228790,TIGER 화장품
157520,TIGER 화학
032540,TJ미디어
048770,TPC
108590,TREX 200
097750,TREX 중소형가치
145850,TREX 펀더멘탈 200
024070,WISCOM
052300,W홀딩컴퍼니
114750,YD생명과학
037270,YG PLUS
040300,YTN
051390,YW
052220,iMBC